Security Name,Ticker
ADANI PORTS AND SPECIAL ECONOMIC ZONE LIMITED EQ NEW RS. 2/- EQ NEW RS. 2/-,ADANIPORTS.NS
ADITYA BIRLA FASHION AND RETAIL LIMITED EQ EQ,ABFRL.NS
ADITYA BIRLA LIFESTYLE BRANDS LIMITED EQ EQ,ABFRL.NS
ASHOK LEYLAND LIMITED EQ NEW FV RE.1/- EQ NEW FV RE.1/-,ASHOKLEY.NS
BAJAJ FINANCE LIMITED EQ NEW FV RE.1/- EQ NEW FV RE.1/-,BAJFINANCE.NS
COAL INDIA LTD EQ EQ,COALINDIA.NS
GENERAL INSURANCE CORPORATION OF INDIA EQ,GICRE.NS
GUJARAT INDUSTRIES POWER COMPANY LTD. EQ EQ,GIPCL.NS
GUJARAT STATE PETRONET LIMITED EQ EQ,GSPL.NS
HPL ELECTRIC & POWER LIMITED EQ,HPL.NS
JSW STEEL LIMITED EQ NEW FV RE. 1/- EQ NEW FV RE. 1/-,JSWSTEEL.NS
KHADIM INDIA LIMITED EQ NEW FV RS. 10/- EQ NEW FV RS. 10/-,KHADIM.NS
LIC HOUSING FINANCE LTD EQ NEW F.V. RS.2/- EQ NEW F.V. RS.2/-,LICHSGFIN.NS
MANGALORE REFINERY AND PETROCHEMICALS LIMITED EQ,MRPL.NS
PETRONET LNG LIMITED EQ,PETRONET.NS
PIX TRANSMISSIONS LIMITED EQ,PIXTRANS.NS
PURAVANKARA LIMITED EQ EQ,PURVA.NS
REC LIMITED EQ,RECLTD.NS
RELIANCE POWER LIMITED EQ. NEW RS. 10 EQ. NEW RS. 10,RPOWER.NS
ROUTE MOBILE LIMITED EQ EQ,ROUTE.NS
SBI CARDS AND PAYMENT SERVICES LIMITED EQ EQ,SBICARD.NS
TATA STEEL LIMITED EQ NEW FV RE.1/- EQ NEW FV RE.1/-,TATASTEEL.NS
TORRENT POWER LIMITED EQ NEW FV RS.10/- EQ NEW FV RS.10/-,TORNTPOWER.NS
APCOTEX INDUSTRIES LIMITED EQ NEW FV RS. 2/-,APCOTEXIND.NS
ASIAN PAINTS LIMITED EQ NEW FV Re. 1/- EQ NEW FV Re. 1/-,ASIANPAINT.NS
ATUL LIMITED EQ EQ,ATUL.NS
BALMER LAWRIE AND COMPANY LIMITED EQ EQ,BALMLAWRIE.NS
BHARTI AIRTEL LIMITED EQ NEW FV RS 5/- EQ NEW FV RS 5/-,BHARTIARTL.NS
CG POWER AND INDUSTRIAL SOLUTIONS LIMITED EQ NEW FV RS.2/- EQ NEW FV RS.2/-,CGPOWER.NS
CHAMBAL FERTILISERS AND CHEMICALS LIMITED EQ EQ,CHAMBLFERT.NS
CROMPTON GREAVES CONSUMER ELECTRICALS LIMITED EQ EQ,CROMPTON.NS
DABUR INDIA LIMITED EQ F.V. RE.1 EQ F.V. RE.1,DABUR.NS
ENERGY DEVELOPMENT COMPANY LIMITED EQ,ENERGYDEV.NS
IFCI LIMITED EQ EQ,IFCI.NS
JAI CORP LIMITED EQ NEW RE.1/- EQ NEW RE.1/-,JAICORPLTD.NS
JAIPRAKASH ASSOCIATES LIMITED EQ. NEW RS. 2,JPASSOCIAT.NS
JAY SHREE TEA AND INDUSTRIES LIMITED EQ NEW F.V. RS.5/- EQ NEW F.V. RS.5/-,JAYSREETEA.NS
JINDAL STEEL LIMITED EQ. NEW RS.1 EQ. NEW RS.1,JSL.NS
JIO FINANCIAL SERVICES LIMITED EQ EQ,JIOFIN.NS
LARSEN AND TOUBRO LIMITED EQ NEW FV RS.2/- EQ NEW FV RS.2/-,LT.NS
LTIMINDTREE LIMITED EQ EQ,LTIM.NS
POWER GRID CORPORATION OF INDIA LIMITED EQ,POWERGRID.NS
RELIANCE COMMUNICATIONS LIMITED EQ,RCOM.NS
RELIANCE HOME FINANCE LIMITED EQ EQ,RHFL.NS
RELIANCE INDUSTRIES LIMITED EQ EQ,RELIANCE.NS
RELIANCE INFRASTRUCTURE LIMITED EQ,RELINFRA.NS
RELIGARE ENTERPRISES LIMITED EQ EQ,RELIGARE.NS
SHRI DINESH MILLS LIMITED EQ NEW RS. 10/- EQ NEW RS. 10/-,SHREDIGCEM.NS
SUN PHARMACEUTICAL INDUSTRIES LIMITED EQ NEW F.V. RE.1/- EQ NEW F.V. RE.1/-,SUNPHARMA.NS
SUTLEJ TEXTILES AND INDUSTRIES LIMITED EQ NEW F RE. 1/- EQ NEW F RE. 1/-,SUTLEJTEX.NS
TATA TECHNOLOGIES LIMITED EQ NEW FV RS. 2/- EQ NEW FV RS. 2/-,TATATECH.NS
TATA TELESERVICES (MAHARASHTRA) LTD EQ EQ,TTML.NS
VODAFONE IDEA LIMITED EQ EQ,IDEA.NS
WALCHANDNAGAR INDUSTRIES LIMITED EQ NEW RS. 2/- EQ NEW RS. 2/-,WALCHANNAG.NS
ZENSAR TECHNOLOGIES LIMITED EQ NEW FV RS. 2 EQ NEW FV RS. 2,ZENSARTECH.NS
ZYDUS WELLNESS LIMITED EQ NEW FV Rs.2/- EQ NEW FV Rs.2/-,ZYDUSWELL.NS
MCX INDIA LIMITED EQ NEW RS. 10/-,MCX.NS
ABAN OFFSHORE LIMITED EQ NEW FV RS.2/-,ABAN.NS
BANK OF BARODA EQ NEW FV RS. 2/-,BANKBARODA.NS
BHARAT ELECTRONICS LIMITED EQ NEW FV Re 1/-,BEL.NS
BHARAT HEAVY ELECTRICALS LIMITED EQ NEW FV RS. 2/-,BHEL.NS
CASTROL INDIA LIMITED EQ NEW FV RS. 5/-,CASTROLIND.NS
COLGATE-PALMOLIVE (INDIA) LIMITED EQ NEW FV RS.1/-,COLPAL.NS
HDFC ASSET MANAGEMENT COMPANY LIMITED EQ NEW FV RS. 5/- EQ NEW FV RS. 5/-,HDFCAMC.NS
HDFC BANK LIMITED EQ NEW FV RE. 1/- EQ NEW FV RE. 1/-,HDFCBANK.NS
HINDUSTAN AERONAUTICS LIMITED EQ NEW FV RS 5/-,HAL.NS
SUZLON ENERGY LIMITED EQ. NEW RS. 2/- EQ. NEW RS. 2/-,SUZLON.NS
BANK OF MAHARASHTRA EQ EQ,MAHABANK.NS
DEEPAK FERTILISERS AND PETROCHEMICALS CORPORATION LTD EQ EQ,DEEPAKFERT.NS
DISH TV INDIA LIMITED EQ NEW FV RE. 1/- EQ NEW FV RE. 1/-,DISHTV.NS
HIMADRI SPECIALITY CHEMICAL LIMITED EQ NEW F.V. RE.1/- EQ NEW F.V. RE.1/-,HSCL.NS
ICICI BANK LIMITED EQ NEW FV RS. 2/- EQ NEW FV RS. 2/-,ICICIBANK.NS
LLOYDS ENGINEERING WORKS LIMITED EQ EQ,LLOYDSENGG.NS
NTPC LIMITED EQ,NTPC.NS
SITI NETWORKS LIMITED EQ EQ,SITINET.NS
TATA CONSULTANCY SERVICES LIMITED EQ NEW FV RE.1/- EQ NEW FV RE.1/-,TCS.NS
ZEE ENTERTAINMENT ENTERPRISES LIMITED EQ F.V.RE.1 EQ F.V.RE.1,ZEEL.NS
ZEE LEARN LIMITED EQ EQ,ZEELEARN.NS
ZEE MEDIA CORPORATION LIMITED EQ,ZEEMEDIA.NS
ASIAN GRANITO INDIA LIMITED EQ EQ,ASIANTILES.NS
CARTRADE TECH LIMITED EQ EQ,CARTRADE.NS
CYIENT DLM LIMITED EQ EQ,CYIENT.NS
DLF LIMITED EQ NEW FV RS.2/-,DLF.NS
EDELWEISS FINANCIAL SERVICES LIMITED EQ NEW F.V. RE.1/- EQ NEW F.V. RE.1/-,EDELWEISS.NS
EQUITAS SMALL FINANCE BANK LIMITED EQ EQ,EQUITASBNK.NS
FILATEX INDIA LIMITED EQ NEW FV RE.1/- EQ NEW FV RE.1/-,FILATEX.NS
HDFC LIFE INSURANCE COMPANY LIMITED EQ EQ,HDFCLIFE.NS
ICICI PRUDENTIAL LIFE INSURANCE COMPANY LIMITED EQ EQ,ICICIPRULI.NS
IDFC FIRST BANK LIMITED EQ EQ,IDFCFIRSTB.NS
INDIAN RAILWAY FINANCE CORPORATION LIMITED EQ,IRFC.NS
INFOSYS LIMITED EQ FV RS 5 EQ FV RS 5,INFY.NS
JSW INFRASTRUCTURE LIMITED EQ NEW FV RS 2/- EQ NEW FV RS 2/-,JSWINFRA.NS
KSK ENERGY VENTURES LIMITED EQ EQ,KSK.NS
MONTE CARLO FASHIONS LIMITED EQ EQ,MONTECARLO.NS
MOREPEN LABORATORIES LIMITED EQ F.V.RS.2 EQ F.V.RS.2,MOREPENLAB.NS
NHPC LIMITED EQ EQ,NHPC.NS
OIL AND NATURAL GAS CORPORATION LIMITED EQ NEW F.V RS.5/- EQ NEW F.V RS.5/-,ONGC.NS
OIL INDIA LIMITED EQ EQ,OIL.NS
OSWAL GREENTECH LIMITED EQ,OSWALGREEN.NS
PATEL ENGINEERING LIMITED EQ NEW FV RE.1 EQ NEW FV RE.1,PATELENG.NS
PNB HOUSING FINANCE LIMITED EQ EQ,PNBHOUSING.NS
POWER FINANCE CORPORATION LIMITED EQ EQ,PFC.NS
PRECISION CAMSHAFTS LIMITED EQ NEW FV RS. 10/-,PRECISION.NS
ROYALE MANOR HOTELS AND INDUSTRIES LIMITED EQ EQ,ROHLTD.NS
SHIPPING CORPORATION OF INDIA LAND AND ASSETS LIMITED EQ EQ,SCILAL.NS
SHYAM METALICS AND ENERGY LIMITED EQ EQ,SHYAMMETL.NS
STANDARD INDUSTRIES LIMITED EQ,SIL.NS
STATE BANK OF INDIA EQ NEW RE. 1/- EQ NEW RE. 1/-,SBIN.NS
TAKE SOLUTIONS LIMITED EQ NEW RE.1/-,TAKE.NS
TAMILNADU PETROPRODUCTS LIMITED EQ,TNPETRO.NS
TATA MOTORS LIMITED EQ NEW FV RS. 2/- EQ NEW FV RS. 2/-,TATAMOTORS.NS
THE SHIPPING CORPORATION OF INDIA LIMITED EQ EQ,SCI.NS
ULTRATECH CEMENT LIMITED EQ EQ,ULTRACEMCO.NS
UTI ASSET MANAGEMENT COMPANY LIMITED EQ EQ,UTIAMC.NS
VEDANTA LIMITED EQ NEW RS.1/- EQ NEW RS.1/-,VEDL.NS
VISHNU PRAKASH R PUNGLIA LIMITED EQ,VPRPL.NS
WIPRO LIMITED EQ F.V. RS. 2 EQ F.V. RS. 2,WIPRO.NS
PATEL INTEGRATED LOGISTICS LIMITED (CN) EQ EQ,PATINTLOG.NS
RATNAMANI METALS AND TUBES LIMITED EQ NEW RS. 2/- EQ NEW RS. 2/-,RATNAMANI.NS
ADITYA BIRLA CAPITAL LIMITED EQ EQ,ABCAPITAL.NS
SHRIRAM PISTONS & RINGS LIMITED EQ,SHRIPISTON.NS
DREDGING CORPORATION OF INDIA LIMITED EQ EQ,DREDGECORP.NS
GAIL (INDIA) LIMITED EQ,GAIL.NS
POWER FINANCE CORPORATION LIMITED 7.36 BD 04JN28 FVRS1000 7.36 BD 04JN28 FVRS1000,PFC.NS
ADANI POWER LIMITED EQ NEW FV Rs.2/- EQ NEW FV Rs.2/-,ADANIPOWER.NS
ADANI TOTAL GAS LIMITED EQ NEW FV RE. 1/-,ATGL.NS
DCB BANK LIMITED EQ EQ,DCBBANK.NS
DISHMAN CARBOGEN AMCIS LIMITED EQ EQ,DCAL.NS
ITI LIMITED EQ,ITI.NS
LUPIN LIMITED EQ NEW F.V. RS.2/- EQ NEW F.V. RS.2/-,LUPIN.NS
NATIONAL ALUMINIUM COMPANY LIMITED EQ NEW F.V. RS.5/- EQ NEW F.V. RS.5/-,NATIONALUM.NS
NBCC (INDIA) LIMITED EQ NEW FV RE. 1/- EQ NEW FV RE. 1/-,NBCC.NS
NMDC LIMITED EQ NEW RS.1/- EQ NEW RS.1/-,NMDC.NS
NMDC STEEL LIMITED EQ,NSLNISP.NS
NOCIL LIMITED EQ EQ,NOCIL.NS
OLECTRA GREENTECH LIMITED EQ,OLECTRA.NS
RAIL VIKAS NIGAM LIMITED EQ,RVNL.NS
RASHTRIYA CHEMICALS AND FERTILIZERS LIMITED EQ EQ,RCF.NS
SADBHAV ENGINEERING LIMITED EQ NEW F.V RE.1/-,SADBHAV.NS
SALZER ELECTRONICS LIMITED EQ EQ,SALZERELEC.NS
STEEL AUTHORITY OF INDIA LIMITED EQ,SAIL.NS
TITAGARH RAIL SYSTEMS LIMITED EQ NEW FV RS. 2/- EQ NEW FV RS. 2/-,TITAGARH.NS
UNION BANK OF INDIA EQ EQ,UNIONBANK.NS
UNO MINDA LIMITED EQ NEW FV RS. 2/- EQ NEW FV RS. 2/-,UNOMINDA.NS
YES BANK LIMITED EQ NEW FV RS. 2/- EQ NEW FV RS. 2/-,YESBANK.NS
ADANI ENERGY SOLUTIONS LIMITED EQ EQ,ADANIENSOL.NS
ADANI GREEN ENERGY LIMITED EQ EQ,ADANIGREEN.NS
ADITYA BIRLA REAL ESTATE LIMITED EQ EQ,ABREL.NS
BHARAT DYNAMICS LIMITED EQ NEW FV RS 5/- EQ NEW FV RS 5/-,BDL.NS
CONTAINER CORPORATION OF INDIA LIMITED EQ NEW FV RS. 5/- EQ NEW FV RS. 5/-,CONCOR.NS
DATA PATTERNS (INDIA) LIMITED EQ EQ,DATAPATTNS.NS
DEN NETWORKS LIMITED EQ,DEN.NS
HATHWAY CABLE AND DATACOM LIMITED EQ NEW FV RS. 2/- EQ NEW FV RS. 2/-,HATHWAY.NS
INDIAN OIL CORPORATION LIMITED EQ,IOC.NS
IRCON INTERNATIONAL LIMITED EQ NEW FV RS. 2/-,IRCON.NS
LIFE INSURANCE CORPORATION OF INDIA EQ,LICI.NS
MTAR TECHNOLOGIES LIMITED EQ EQ,MTARTECH.NS
NETWORK18 MEDIA & INVESTMENTS LIMITED EQ EQ,NETWORK18.NS
PARAS DEFENCE AND SPACE TECHNOLOGIES LIMITED EQ NEW FV Rs.5/- EQ NEW FV Rs.5/-,PARAS.NS
RALLIS INDIA LIMITED EQ NEW Re. 1/- EQ NEW Re. 1/-,RALLIS.NS
REDINGTON LIMITED EQ NEW F.V. RS.2/- EQ NEW F.V. RS.2/-,REDINGTON.NS
RITES LIMITED EQ EQ,RITES.NS
SJVN LIMITED EQ EQ,SJVN.NS
THE TATA POWER COMPANY LIMITED EQ NEW FV Re.1/- EQ NEW FV Re.1/-,TATAPOWER.NS
UPL LIMITED EQ NEW FV RS.2/- EQ NEW FV RS.2/-,UPL.NS
ALLCARGO GATI LIMITED EQ NEW FV RS.2/- EQ NEW FV RS.2/-,ALLCARGO.NS
BIRLA CABLE LIMITED EQ,BIRLACABLE.NS
DCM SHRIRAM INDUSTRIES LIMITED EQ NEW FV RS. 2/-,DCM.NS
DYNAMIC INDUSTRIES LIMITED EQ,DYNAMIC.NS
GARWARE HI-TECH FILMS LIMITED EQ,GRWRHITECH.NS
MAHINDRA EPC IRRIGATION LIMITED EQ EQ,MAHEPC.NS
TCI DEVELOPERS LIMITED EQ,TCI.NS
TCI EXPRESS LIMITED EQ EQ,TCI.NS
THE INDIAN CARD CLOTHING COMPANY LIMITED EQ EQ,INDIANCARD.NS
INDRAPRASTHA GAS LIMITED EQ NEW FV RS.2/- EQ NEW FV RS.2/-,IGL.NS
PUNJAB NATIONAL BANK EQ NEW FV RS. 2/-,PNB.NS
HINDUSTAN UNILEVER LIMITED EQ F.V. RS 1,HINDUNILVR.NS
OSWAL AGRO MILLS LIMITED EQ,OSWALAGRO.NS
CHENNAI PETROLEUM CORPORATION LIMITED EQ EQ,CHENNPETRO.NS
GLAXOSMITHKLINE PHARMACEUTICALS LIMITED EQ EQ,GLAXO.NS
GUJARAT NARMADA VALLEY FERTILIZERS & CHEMICALS LIMITED EQ EQ,GNFC.NS
KIRLOSKAR ELECTRIC COMPANY LIMITED EQ,KECL.NS
PRIMO CHEMICALS LIMITED EQ NEW FV RS. 2/-,PRIMO.BO
ADANI ENTERPRISES LIMITED EQ NEW FV RE.1/-,ADANIENT.NS
ANAND RATHI SHARE AND STOCK BROKERS LIMITED ANAND RATHI SHA ANAND RATHI SHA,ANANDRATHI.NS
ARVIND FASHIONS LIMITED (FORMERLY ARVIND J&M LIMITED) EQ NEW FV RS. 4/- EQ NEW FV RS. 4/-,ARVIND.NS
ARVIND LIMITED EQ EQ,ARVIND.NS
BSE LIMITED EQ NEW FV RS. 2/- EQ NEW FV RS. 2/-,BSE.NS
HOUSING AND URBAN DEVELOPMENT CORPORATION LIMITED EQ EQ,HUDCO.NS
INDIAN RENEWABLE ENERGY DEVELOPMENT AGENCY LIMITED EQ EQ,IREDA.NS
INDOSTAR CAPITAL FINANCE LIMITED EQ EQ,INDOSTAR.NS
INOX INDIA LIMITED EQ NEW FV RS.2/-,INOXINDIA.NS
LAURUS LABS LIMITED EQ NEW FV RS. 2/- EQ NEW FV RS. 2/-,LAURUSLABS.NS
LG ELECTRONICS INDIA LIMITED EQ EQ,EMIL.NS
MAHANAGAR GAS LIMITED EQ,MGL.NS
RBL BANK LIMITED EQ EQ,RBL.BO
S CHAND AND COMPANY LIMITED EQ NEW FV RS. 5/- EQ NEW FV RS. 5/-,SCHAND.NS
SHALBY LIMITED EQ,SHALBY.NS
THE ANUP ENGINEERING LIMITED EQ EQ,ANUP.NS
VISHAL MEGA MART LIMITED EQ EQ,VISHAL.BO
WAAREE ENERGIES LIMITED EQ EQ,WAAREE.BO
APOLLO TYRES LIMITED EQ RE.1/-,APOLLO.NS
CEAT LIMITED EQ NEW RS.10 EQ NEW RS.10,CEATLTD.NS
EVEREST INDUSTRIES LIMITED EQ EQ,EVERESTIND.NS
JK LAKSHMI CEMENT LIMITED EQ NEW RS.5/-,JKLAKSHMI.NS
JUBILANT INGREVIA LIMITED EQ,JUBLINGREA.NS
KEC INTERNATIONAL LIMITED EQ NEW F.V. RS.2/- EQ NEW F.V. RS.2/-,KEC.NS
LAKSHMI PRECISION SCREWS LIMITED EQ EQ,LAKPRE.NS
PIDILITE INDUSTRIES LIMITED EQ NEW FV RE.1/- EQ NEW FV RE.1/-,PIDILITIND.NS
PRAKASH INDUSTRIES LIMITED EQ,PRAKASH.NS
PRAKASH PIPES LIMITED EQ EQ,PRAKASH.NS
SUMMIT SECURITIES LIMITED EQ EQ,SUMMITSEC.NS
TATA CHEMICALS LIMITED EQ EQ,TATACHEM.NS
TATA CONSUMER PRODUCTS LIMITED EQ NEW F.V. RE.1/- EQ NEW F.V. RE.1/-,TATACONSUM.NS
TITAN COMPANY LIMITED EQ NEW Re.1/- EQ NEW Re.1/-,TITAN.NS
ALLCARGO LOGISTICS LIMITED EQ NEW EQ NEW,ALLCARGO.NS
ALLCARGO TERMINALS LIMITED EQ NEW FV RS 2/-,ALLCARGO.NS
FIRSTSOURCE SOLUTIONS LIMITED EQ,FSL.NS
FORTIS HEALTHCARE LIMITED EQ EQ,FORTIS.NS
INDOCO REMEDIES LIMITED EQ NEW FV RS.2/- EQ NEW FV RS.2/-,INDOCO.NS
INDOWIND ENERGY LIMITED EQ EQ,INDOWIND.NS
INSECTICIDES (INDIA) LIMITED EQ EQ,INSECTICID.NS
JET AIRWAYS (INDIA) LIMITED EQ,JETAIRWAYS.NS
SMS LIFESCIENCES INDIA LIMITED EQ,SMSLIFE.NS
TGB BANQUETS AND HOTELS LIMITED EQ,TGBHOTELS.NS
THANGA MAYIL JEWELLERY LIMITED EQ EQ,THANGAMAYL.NS
ACC LIMITED EQ F.V. RS.10,ACC.NS
AXIS BANK LIMITED EQ NE FV RS. 2/- EQ NE FV RS. 2/-,AXISBANK.NS
BALKRISHNA INDUSTRIES LIMITED EQ NEW F.V RS.2/- EQ NEW F.V RS.2/-,BALKRISHNA.NS
BIOCON LIMITED EQ EQ,BIOCON.NS
CIE AUTOMOTIVE INDIA LIMITED EQ EQ,CIEINDIA.NS
CSB BANK LIMITED EQ,CSBBANK.NS
CYIENT LIMITED EQ NEW FV RS.5/- EQ NEW FV RS.5/-,CYIENT.NS
EXPLEO SOLUTIONS LIMITED EQ,EXPLEOSOL.NS
FUSION FINANCE LIMITED EQ EQ,FUSION.NS
GARWARE TECHNICAL FIBRES LIMITED EQ EQ,GARFIBRES.NS
GUJARAT FLUOROCHEMICALS LIMITED EQ EQ,FLUOROCHEM.NS
HARSHA ENGINEERS INTERNATIONAL LIMITED EQ NEW FV RS.10/-,HARSHA.NS
INNOVATIVE TYRES & TUBES LIMITED EQ NEW FV RS.10/- EQ NEW FV RS.10/-,INNOVATIVE.NS
KOTAK MAHINDRA BANK LIMITED EQ NEW F.V RS.5/- EQ NEW F.V RS.5/-,KOTAKBANK.NS
NAZARA TECHNOLOGIES LIMITED EQ NEW FV RS.2/- EQ NEW FV RS.2/-,NAZARA.NS
POLYPLEX CORPORATION LIMITED EQ,POLYPLEX.NS
POWER MECH PROJECTS LIMITED EQ EQ,POWERMECH.NS
RATTANINDIA ENTERPRISES LIMITED EQ,RTNINDIA.NS
ROSSARI BIOTECH LIMITED EQ NEW FV RS. 2/- EQ NEW FV RS. 2/-,ROSSARI.NS
STYRENIX PERFORMANCE MATERIALS LIMITED EQ,STYRENIX.NS
ALKEM LABORATORIES LIMITED EQ,ALKEM.NS
AWL AGRI BUSINESS LIMITED EQ NEW FV Re.1/- EQ NEW FV Re.1/-,AWL.NS
BIRLANU LIMITED EQ EQ,BIRLANU.BO
DIXON TECHNOLOGIES (INDIA) LIMITED EQ NEW FV RS.2/- EQ NEW FV RS.2/-,DIXON.NS
FEDBANK FINANCIAL SERVICES LIMITED EQ EQ,FEDFINA.NS
GUJARAT ALKALIES AND CHEMICALS LIMITED EQ EQ,GUJALKALI.NS
GUJARAT PIPAVAV PORT LIMITED EQ,GPPL.NS
HFCL LIMITED EQ NEW F.V.RE.1/- EQ NEW F.V.RE.1/-,HFCL.NS
ICICI LOMBARD GENERAL INSURANCE COMPANY LIMITED EQ EQ,ICICIGI.NS
INOX WIND LIMITED EQ EQ,INOXWIND.NS
MOIL LIMITED EQ NEW F.V. RS.10/-,MOIL.NS
NAVKAR CORPORATION LIMITED EQ EQ,NAVKARCORP.NS
NDR AUTO COMPONENTS LIMITED EQ EQ,NDRAUTO.NS
PERSISTENT SYSTEMS LIMITED EQ NEW FV RS 5/- EQ NEW FV RS 5/-,PERSISTENT.NS
PUNJAB AND SIND BANK EQ,PSB.NS
SNOWMAN LOGISTICS LIMITED EQ,SNOWMAN.NS
UJJIVAN SMALL FINANCE BANK LIMITED EQ EQ,UJJIVANSFB.NS
ARVIND SMARTSPACES LIMITED EQ NEW FV RS. 10/- EQ NEW FV RS. 10/-,ARVIND.NS
NTPC GREEN ENERGY LIMITED EQ EQ,NTPC.NS
BERGER PAINTS INDIA LIMITED EQ NEW FV RE. 1/- EQ NEW FV RE. 1/-,BERGEPAINT.NS
EMBASSY DEVELOPMENTS LIMITED EQ EQ,EMBASSY.NS
EPIGRAL LIMITED EQ EQ,EPIGRAL.NS
IL&FS ENGINEERING AND CONSTRUCTION COMPANY LIMITED EQ,IL&FSENGG.NS
MPHASIS LIMITED EQ EQ,MPHASIS.NS
PARSVNATH DEVELOPERS LIMITED EQ NEW,PARSVNATH.NS
SCHNEIDER ELECTRIC INFRASTRUCTURE LIMITED EQ EQ,SCHNEIDER.NS
SIEMENS ENERGY INDIA LIMITED EQ EQ,SIEMENS.NS
SIEMENS LIMITED EQ NEW FV RS.2/- EQ NEW FV RS.2/-,SIEMENS.NS
XCHANGING SOLUTIONS LIMITED EQ,XCHANGING.NS
AMBUJA CEMENTS LIMITED EQ NEW FV RS. 2/- EQ NEW FV RS. 2/-,AMBUJACEM.NS
AUROBINDO PHARMA LIMITED EQ NEW F.V. RE.1/- EQ NEW F.V. RE.1/-,AUROPHARMA.NS
BHARAT PETROLEUM CORPORATION LIMITED EQ EQ,BPCL.NS
CIPLA LIMITED EQ NEW FV RS.2/- EQ NEW FV RS.2/-,CIPLA.NS
EICHER MOTORS LIMITED EQ NEW FV RE. 1/- EQ NEW FV RE. 1/-,EICHERMOT.NS
ESCORTS KUBOTA LIMITED EQ EQ,ESCORTS.NS
GARDEN REACH SHIPBUILDERS & ENGINEERS LIMITED EQ,GRSE.NS
GLENMARK PHARMACEUTICALS LIMITED EQ NEW FV RE.1/- EQ NEW FV RE.1/-,GLENMARK.NS
HAVELLS INDIA LIMITED EQ NEW FV RE. 1/- EQ NEW FV RE. 1/-,HAVELLS.NS
HCL TECHNOLOGIES LIMITED EQ F.V. RS.2/-,HCLTECH.NS
HDFC MUTUAL FUND DEFENCE  FUND REGULAR PLAN  GROWTH,HFCL.NS
HDFC MUTUAL FUND MANUFACTURING FD-REGULAR PL-GRWTH MANUFACTURING FD-REGULAR PL-GRWTH,HFCL.NS
HDFC MUTUAL FUND TECHNOLOGY FD -RG PL-GR,HFCL.NS
HINDALCO INDUSTRIES LIMITED EQ NEW FV RE. 1/- EQ NEW FV RE. 1/-,HINDALCO.NS
HINDUSTAN PETROLEUM CORPORATION LIMITED EQ EQ,HINDPETRO.NS
IDBI BANK LIMITED EQ,IDBI.NS
INDIAN RAILWAY CATERING AND TOURISM CORPORATION LIMITED EQ NEW FV RS. 2/-,IRCTC.NS
JK TYRE & INDUSTRIES LIMITED EQ NEW FV RS. 2/- EQ NEW FV RS. 2/-,JKTYRE.NS
MARICO LIMITED NEW EQ RE.1 NEW EQ RE.1,MARICO.NS
MARUTI SUZUKI INDIA LIMITED EQ EQ,MARUTI.NS
MISHRA DHATU NIGAM LIMITED EQ,MIDHANI.NS
MRF LIMITED EQ,MRF.NS
SBI LIFE INSURANCE COMPANY LIMITED EQ EQ,SBILIFE.NS
SONA BLW PRECISION FORGINGS LIMITED EQ EQ,SONACOMS.NS
TECH MAHINDRA LIMITED EQ NEW FV RS. 5/- EQ NEW FV RS. 5/-,TECHM.NS
THE NEW INDIA ASSURANCE COMPANY LIMITED EQ,NIACL.NS
UCO BANK EQ EQ,UCOBANK.NS
JSW HOLDINGS LIMITED EQ,JSWHL.NS
BAJAJ AUTO LIMITED EQ EQ,BAJAJ-AUTO.NS
BAJAJ FINSERV LIMITED EQ NEW FV RE.1/- EQ NEW FV RE.1/-,BAJAJFINSV.NS
BAJAJ HOLDINGS & INVESTMENT LIMITED. EQ EQ,BAJAJHLDNG.NS
HEIDELBERGCEMENT INDIA LIMITED EQ,HEIDELBERG.NS
ARCH PHARMALABS LIMITED EQ,AARTIPHARM.NS
AURO LABORATORIES LIMITED EQ,ARVEE.NS
ICSA (INDIA) LTD EQ NEW RS. 2/-,ICSA.NS
MICRO TECHNOLOGIES INDIA LIMITED EQ,DIXON.NS
MONICA ELECTRONICS LIMITED EQ,MICEL.NS
NAHAR INDUSTRIAL ENTERPRISES LIMITED EQ EQ,NAHARINDUS.NS
OPAL INDUSTRIES LIMITED EQ,OPAL.NS
PRECISION WIRES INDIA LIMITED EQ NEW FV Re.1/- EQ NEW FV Re.1/-,PRECISION.NS
ROLTA INDIA LIMITED EQ,ROLTA.NS
SAMBHAAV MEDIA LIMITED EQ NEW FV RE.1/- EQ NEW FV RE.1/-,SAMBHAAV.NS
WELSPUN INVESTMENTS AND COMMERCIALS LIMITED EQ EQ,WELINV.NS
AARTI DRUGS LIMITED EQ EQ,AARTIDRUGS.NS
GATEWAY DISTRIPARKS LIMITED EQ,GATEWAY.NS
ITC HOTELS LIMITED EQ EQ,ITC.NS
ITC LIMITED EQ NEW FV RE.1/- EQ NEW FV RE.1/-,ITC.NS
JAIPRAKASH POWER VENTURES LIMITED EQ,JPPOWER.NS
JAYASWAL NECO INDUSTRIES LIMITED EQ EQ,JAYNECOIND.NS
JSW ENERGY LIMITED EQ EQ,JSWENERGY.NS
PUNJ LLOYD LIMITED EQ NEW FV RS.2/-,PUNJLLOYD.NS
UNITECH LIMITED EQ NEW FV RS.2/-,UNITECH.NS
COMPUTER AGE MANAGEMENT SERVICES LIMITED EQ EQ,CAMS.NS
PARAS PETROFILS LIMITED EQ NEW FV RE. 1/-,PARAS.NS
RELIANCE INDUSTRIAL INFRASTRUCTURE LIMITED EQ,RIIL.NS
EXIDE INDUSTRIES LIMITED EQ NEW FV RE.1/- EQ NEW FV RE.1/-,EXIDEIND.NS
HAPPIEST MINDS TECHNOLOGIES LIMITED EQ EQ,HAPPSTMNDS.NS
L&T TECHNOLOGY SERVICES LIMITED EQ EQ,LTTS.NS
LATENT VIEW ANALYTICS LIMITED EQ EQ,LATENTVIEW.NS
NARAYANA HRUDAYALAYA LIMITED EQ EQ,NH.NS
PROTEAN EGOV TECHNOLOGIES LIMITED EQ NEW FV RS.10/- EQ NEW FV RS.10/-,PROTEAN.BO
QUICK HEAL TECHNOLOGIES LIMITED EQ EQ,QUICKHEAL.NS
THE KARNATAKA BANK LIMITED EQ EQ,KTKBANK.NS
LAMBODHARA TEXTILES LIMITED EQ NEW RS. 5/- EQ NEW RS. 5/-,LAMBODHARA.NS
THYROCARE TECHNOLOGIES LIMITED EQ EQ,THYROCARE.NS
ACCENTIA TECHNOLOGIES LIMITED EQ,TATATECH.NS
MERCATOR LIMITED EQ NEW FV RS. 1/- EQ NEW FV RS. 1/-,MERCATOR.NS
BEML LAND ASSETS LIMITED EQ,BLAL.NS
BEML LIMITED EQ,BEML.NS
KEWAL KIRAN CLOTHING LIMITED EQ,KKCL.NS
MAHINDRA LIFESPACE DEVELOPERS LIMITED EQ EQ,MAHLIFE.NS
PVR INOX LIMITED EQ EQ,PVRINOX.NS
TANLA PLATFORMS LIMITED EQ NEW RE.1/- EQ NEW RE.1/-,TANLA.NS
TRENT LIMITED EQ NEW FV Re. 1/- EQ NEW FV Re. 1/-,TRENT.NS
CENTURY ENKA LIMITED EQ,CENTENKA.NS
DATAMATICS GLOBAL SERVICES LIMITED EQ EQ,DATAMATICS.NS
RAYMOND LIFESTYLE LIMITED EQ NEW FV RS 2/- EQ NEW FV RS 2/-,RAYMOND.NS
RAYMOND LIMITED EQ,RAYMOND.NS
RAYMOND REALTY LIMITED EQ EQ,RAYMOND.NS
S.A.L STEEL LIMITED EQ,SALSTEEL.NS
SOBHA LIMITED EQ EQ,SOBHA.NS
TCFC FINANCE LIMITED EQ,TCIFINANCE.NS
ARVIND REMEDIES LIMITED EQ NEW FV RS.10/,ARVIND.NS
GITANJALI GEMS LIMITED EQ,GITANJALI.NS
PLETHICO PHARMACEUTICALS LIMITED EQ,APLLTD.NS
HEMISPHERE PROPERTIES INDIA LIMITED EQ EQ,HEMIPROP.NS
ISGEC HEAVY ENGINEERING LIMITED EQ NEW FV RS 1 /,ISGEC.NS
MOTHERSON SUMI WIRING INDIA LIMITED EQ EQ,MSUMI.NS
NATIONAL FERTILIZERS LIMITED EQ,NFL.NS
ALEMBIC PHARMACEUTICALS LIMITED EQ,APLLTD.NS
APOLLO HOSPITALS ENTERPRISE LIMITED EQ NEW F.V. RS.5/-,APOLLOHOSP.NS
BRITANNIA INDUSTRIES LTD EQ NEW FV RS 1 EQ NEW FV RS 1,BRITANNIA.NS
TATA ELXSI LIMITED EQ EQ,TATAELXSI.NS
HERO MOTOCORP LIMITED EQ FV RS 2 EQ FV RS 2,HEROMOTOCO.NS
POLYCAB INDIA LIMITED EQ EQ,POLYCAB.NS
R SYSTEMS INTERNATIONAL LIMITED EQ NEW FV Re.1/- EQ NEW FV Re.1/-,RSYSTEMS.NS
RATTANINDIA POWER LIMITED EQ,RTNPOWER.NS
AVENUE SUPERMARTS LIMITED EQ,DMART.NS
MAX ESTATES LIMITED EQ EQ,MAXESTATES.NS
MAX HEALTHCARE INSTITUTE LIMITED EQ EQ,MAXHEALTH.NS
PROCTER & GAMBLE HEALTH LIMITED EQ,PGHL.NS
SUN PHARMA ADVANCED RESEARCH COMPANY LIMITED EQ,SPARC.NS
ASTER DM HEALTHCARE LIMITED EQ EQ,ASTERDM.NS
EDUCOMP SOLUTIONS LIMITED EQ NEW F.V. RS.2/-,EDUCOMP.NS
ETERNAL LIMITED EQ EQ,ETERNAL.NS
GOPAL SNACKS LIMITED EQ NEW FV RE. 1/- EQ NEW FV RE. 1/-,GOPAL.NS
INFIBEAM AVENUES LIMITED EQ NEW FV RE. 1/- EQ NEW FV RE. 1/-,INFIBEAM.NS
ORIENT GREEN POWER COMPANY LIMITED EQ EQ,GREENPOWER.NS
SASTASUNDAR VENTURES LIMITED EQ,SASTASUNDR.NS
SHANTI GOLD INTERNATIONAL LIMITED EQ EQ,SHANTI.NS
WINSOME DIAMONDS AND JEWELLERY LIMITED EQ,WINSOME.NS
GRASIM INDUSTRIES LTD EQ NEW FV RS. 2/- EQ NEW FV RS. 2/-,GRASIM.NS
NTPC LIMITED SR-1B 7.36 BD 05OT25 FVRS1000,NTPC.NS
APOLLO MICRO SYSTEMS LIMITED EQ NEW FV RE 1/- EQ NEW FV RE 1/-,APOLLO.NS
IGARASHI MOTORS INDIA LIMITED EQ,IGARASHI.NS
KALYAN JEWELLERS INDIA LIMITED EQ EQ,KALYANKJIL.NS
TRIVENI ENGINEERING AND INDUSTRIES LIMITED EQ NEW FV RS 1/- EQ NEW FV RS 1/-,TRIVENI.NS
TRIVENI TURBINE LIMITED EQ EQ,TRIVENI.NS
VESUVIUS INDIA LIMITED EQ NEW FV RE.1/- EQ NEW FV RE.1/-,VESUVIUS.NS
WANBURY LIMITED EQ NEW FV RS.10/- EQ NEW FV RS.10/-,WANBURY.NS
PTC INDIA FINANCIAL SERVICES LIMITED SR-2  OP-III  9.15 BD 30MR27 FVRS5000,PTC.NS
EMKAY GLOBAL FINANCIAL SERVICES LIMITED EQ EQ,EMKAY.NS
GOKUL AGRO RESOURCES LIMITED EQ NEW FV RE.1/- EQ NEW FV RE.1/-,GOKUL.NS
GOKUL REFOILS AND SOLVENT LIMITED EQ NEW F.V. RS.2/-,GOKUL.NS
KERNEX MICROSYSTEMS (INDIA) LIMITED EQ EQ,KERNEX.NS
SPL INDUSTRIES LIMITED EQ,SPL.BO
SUN TV NETWORK LIMITED EQ NEW RS. 5/-,SUNTV.NS
